parasite,dd,dt,da,du,del,dl,dpl,mup,mum,du_max,du_min,ku,au50,rm,rvm,rb,rva,rc,rid,b0,b1,ib0,kb,b,phi0,phi1,ic0,kc,theta0,theta1,kv,fv0,av,gammav,iv0,fd0,ad,gammad,d0,d1,id0,kd,ub,uc,uv,ud,cd,gamma1,cu,ct,ca,a0,rho,sigma_squared,n_heterogeneity_groups,de,delay_gam,dem,pcm,pvm,init_ica,init_iva,init_icm,init_ivm,init_id,init_idm,init_ib,f,gammal
falciparum,5,5,195,110,6.64,3.72,0.643,0.249,0.132,NA,NA,NA,NA,67.6952,76.8365,3650,10950,10950,3650,0.59,0.5,43.9,2.16,NA,0.792,0.00074,18.02366,2.36949,0.0749886,0.0001191,2.00048,0.141195,2493.41,2.91282,1.09629,0.007055,7993.5,4.9183,NA,0.160527,1.577533,0.476614,7.2,6.06,11.4321,9.44512,0.068,1.82425,0.0062,0.021896,NA,2920,0.85,1.67,5,12,12.5,10,0.774368,0.195768,0,0,0,0,0,NA,0,NA,NA
vivax,5,1,10,NA,6.64,3.72,0.643,0.249,0.132,70,10,4.602,9.9,35.148,NA,NA,NA,10950,3650,NA,NA,NA,NA,0.5,0.8605,0.020918070889018,11.538,2.25,NA,NA,NA,NA,NA,NA,NA,NA,NA,NA,0.8918,0.00482170890334156,27.52,2.403,NA,7.85,NA,19.77,0.8,NA,0.035,0.4,0.1,2920,0.85,1.29,5,10,0,8.4,0.421,NA,0,NA,0,NA,0,0,NA,0.024,0.0026
vivax_tmp,5,1,10,110,6.64,3.72,0.643,0.249,0.132,70,10,4.602,9.9,35.148,76.8365,3650,10950,10950,3650,0.59,0.5,43.9,2.16,0.5,0.8605,0.020918070889018,11.538,2.25,0.0749886,0.0001191,2.00048,0.141195,2493.41,2.91282,1.09629,0.007055,7993.5,4.9183,0.8918,0.00482170890334156,27.52,2.403,7.2,7.85,11.4321,19.77,0.8,1.82425,0.035,0.4,0.1,2920,0.85,1.29,5,10,0,8.4,0.421,0.195768,0,0,0,0,0,0,0,0.024,0.0026
References_Test,,,,Here is a reference for a datapoint,,,,,,,,,,,,,,,,,,,,,,,,,,,,,,,,,,,,,,,,,,,,,,,,,,,,,,,,,,,,,,,,,
